{"[fold0] loss": 2.7226204872131348, "[fold0] lr": 0.004887457042139648, "_runtime": 3172, "_timestamp": 1633106672, "_step": 23599, "[fold0] epoch": 5, "[fold0] avg_train_loss": 2.4616524099924404, "[fold0] avg_val_loss": 2.497197319514867, "[fold0] score": 1.071094632359581, "[fold1] loss": 2.2531936168670654, "[fold1] lr": 0.004887457042139648, "[fold1] epoch": 5, "[fold1] avg_train_loss": 2.503795061991298, "[fold1] avg_val_loss": 2.098029979322824, "[fold1] score": 0.8657092139341305, "[fold2] loss": 2.5493431091308594, "[fold2] lr": 0.004887457042139648, "[fold2] epoch": 5, "[fold2] avg_train_loss": 2.5409153778252143, "[fold2] avg_val_loss": 2.2168251455027668, "[fold2] score": 0.9256589917060715, "[fold3] loss": 2.8782920837402344, "[fold3] lr": 0.004887457042139648, "[fold3] epoch": 5, "[fold3] avg_train_loss": 2.499687314791998, "[fold3] avg_val_loss": 2.35865736105649, "[fold3] score": 0.9921458452845486, "[fold4] loss": 2.3197619915008545, "[fold4] lr": 0.004887457042139648, "[fold4] epoch": 5, "[fold4] avg_train_loss": 2.4963098933815577, "[fold4] avg_val_loss": 2.254912198024368, "[fold4] score": 0.9506062868203164, "_wandb": {"runtime": 3626}}