{"[fold0] loss": 2.10798716545105, "[fold0] lr": 0.004771867023755215, "_runtime": 4294, "_timestamp": 1633180819, "_step": 33039, "[fold0] epoch": 7, "[fold0] avg_train_loss": 2.28490937855944, "[fold0] avg_val_loss": 2.175920998805244, "[fold0] score": 0.9154141109427854, "[fold1] loss": 2.3013551235198975, "[fold1] lr": 0.004771867023755215, "[fold1] epoch": 7, "[fold1] avg_train_loss": 2.339468806824022, "[fold1] avg_val_loss": 2.2237070417941367, "[fold1] score": 0.9330641335721602, "[fold2] loss": 2.1229426860809326, "[fold2] lr": 0.004771867023755215, "[fold2] epoch": 7, "[fold2] avg_train_loss": 2.293191877807059, "[fold2] avg_val_loss": 2.051262616921609, "[fold2] score": 0.8339336466677478, "[fold3] loss": 2.5513272285461426, "[fold3] lr": 0.004771867023755215, "[fold3] epoch": 7, "[fold3] avg_train_loss": 2.389664364518442, "[fold3] avg_val_loss": 2.113802897716848, "[fold3] score": 0.8854577115225679, "[fold4] loss": 2.4033455848693848, "[fold4] lr": 0.004771867023755215, "[fold4] epoch": 7, "[fold4] avg_train_loss": 2.2494950867154313, "[fold4] avg_val_loss": 1.950643973559082, "[fold4] score": 0.8121273189719415, "_wandb": {"runtime": 4750}}