{"[fold0] lr": 0.0067679670140915835, "_runtime": 3038.1620926856995, "[fold0] loss": 2.5497519969940186, "_timestamp": 1633170326.5752964, "_step": 7322, "[fold0] avg_val_loss": 2.1347126475069365, "[fold0] epoch": 6, "[fold0] score": 0.8899098514835857, "[fold0] avg_train_loss": 2.4389224421952687, "[fold1] lr": 0.0067679670140915835, "[fold1] loss": 1.9866507053375244, "[fold1] avg_train_loss": 2.4973229734254745, "[fold1] score": 0.8991134823042132, "[fold1] epoch": 6, "[fold1] avg_val_loss": 2.1625860476983627, "[fold2] lr": 0.006903806474089362, "[fold2] loss": 2.6760685443878174, "[fold2] score": 1.0112647758107636, "[fold2] epoch": 3, "[fold2] avg_train_loss": 2.804590763812865, "[fold2] avg_val_loss": 2.4212150063713787}
