{"[fold0] lr": 0.004990140481690349, "_runtime": 166.13086819648743, "[fold0] loss": 2.294679880142212, "_timestamp": 1633102379.714662, "_step": 1572, "[fold0] avg_val_loss": 3.0475586086017867, "[fold0] epoch": 1, "[fold0] score": 1.3069194916778446, "[fold0] avg_train_loss": 5.6905278517358, "[fold1] lr": 0.004887457042139648, "[fold1] loss": 2.3929102420806885, "[fold1] avg_train_loss": 2.497807705136903, "[fold1] epoch": 5, "[fold1] score": 0.9387574612115837, "[fold1] avg_val_loss": 2.240119020697137, "[fold2] loss": 2.6592249870300293, "[fold2] lr": 0.004887457042139648, "[fold2] avg_val_loss": 2.1848338472519275, "[fold2] score": 0.9163652747777776, "[fold2] epoch": 5, "[fold2] avg_train_loss": 2.527257838658791, "[fold3] lr": 0.004990140481690349, "[fold3] loss": 2.621451616287231, "[fold3] score": 1.361661712996608, "[fold3] epoch": 1, "[fold3] avg_train_loss": 5.7636298953791565, "[fold3] avg_val_loss": 3.1517192424094147, "[fold4] lr": 0.006842453366852022, "[fold4] loss": 2.581868886947632, "[fold4] score": 0.9831925660734814, "[fold4] avg_train_loss": 2.5741321063598503, "[fold4] epoch": 5, "[fold4] avg_val_loss": 2.353274431506714}
